train_name,route,distance_km,departure_hour,temperature,weather,delay_minutes
Udaya Devi,Colombo–Jaffna,365,18,29,sunny,27
Rajarata Rejini,Colombo–Batticaloa,230,6,33,rainy,60
Intercity Express,Batticaloa–Colombo,137,9,33,cloudy,20
Ruhunu Kumari,Matara–Colombo,352,15,33,cloudy,5
Samudra Devi,Colombo–Matara,143,11,27,cloudy,24
Yal Devi,Galle–Colombo,178,17,28,sunny,31
Podi Menike,Colombo–Kandy,116,15,25,rainy,14
Udaya Devi,Colombo–Matara,361,6,22,cloudy,37
Podi Menike,Matara–Colombo,185,7,32,cloudy,14
Udaya Devi,Anuradhapura–Colombo,263,5,24,cloudy,6
Ruhunu Kumari,Galle–Colombo,165,12,27,sunny,30
Podi Menike,Kandy–Colombo,216,19,31,rainy,61
Rajarata Rejini,Anuradhapura–Colombo,179,12,28,cloudy,36
Rajarata Rejini,Kandy–Colombo,167,13,31,sunny,49
Rajarata Rejini,Colombo–Kandy,356,17,30,sunny,42
Samudra Devi,Colombo–Anuradhapura,355,10,29,sunny,24
Ruhunu Kumari,Colombo–Jaffna,180,9,29,rainy,66
Samudra Devi,Batticaloa–Colombo,199,12,25,rainy,10
Rajarata Rejini,Matara–Colombo,156,11,24,sunny,65
Ruhunu Kumari,Galle–Colombo,267,13,29,sunny,60
Yal Devi,Matara–Colombo,123,15,26,rainy,5
Podi Menike,Galle–Colombo,273,5,25,cloudy,14
Ruhunu Kumari,Kandy–Colombo,283,13,28,sunny,13
Rajarata Rejini,Galle–Colombo,218,16,25,sunny,51
Rajarata Rejini,Kandy–Colombo,210,8,24,sunny,62
Intercity Express,Batticaloa–Colombo,245,6,30,cloudy,48
Yal Devi,Matara–Colombo,106,11,32,sunny,31
Samudra Devi,Colombo–Kandy,304,11,26,sunny,42
Udarata Menike,Colombo–Kandy,130,8,22,sunny,58
Ruhunu Kumari,Jaffna–Colombo,258,5,23,cloudy,59
Intercity Express,Colombo–Kandy,344,11,22,sunny,2
Rajarata Rejini,Colombo–Anuradhapura,289,7,31,sunny,21
Udarata Menike,Colombo–Jaffna,122,15,29,sunny,16
Yal Devi,Colombo–Batticaloa,216,13,26,rainy,64
Ruhunu Kumari,Colombo–Batticaloa,232,15,31,cloudy,50
Samudra Devi,Colombo–Jaffna,206,10,32,sunny,13
Udarata Menike,Matara–Colombo,335,17,23,sunny,57
Yal Devi,Colombo–Badulla,186,16,29,sunny,26
Podi Menike,Colombo–Anuradhapura,282,15,28,rainy,15
Udarata Menike,Jaffna–Colombo,392,13,27,rainy,21
Intercity Express,Colombo–Jaffna,308,11,25,cloudy,54
Udarata Menike,Anuradhapura–Colombo,269,15,31,sunny,68
Udaya Devi,Colombo–Batticaloa,182,12,30,cloudy,14
Podi Menike,Jaffna–Colombo,204,11,29,cloudy,37
Udaya Devi,Kandy–Colombo,382,17,22,cloudy,38
Ruhunu Kumari,Kandy–Colombo,152,16,28,cloudy,31
Udaya Devi,Matara–Colombo,311,5,31,rainy,63
Udaya Devi,Colombo–Anuradhapura,350,8,26,sunny,20
Udarata Menike,Matara–Colombo,281,18,34,cloudy,58
Ruhunu Kumari,Colombo–Matara,320,7,22,sunny,33
Udaya Devi,Colombo–Kandy,363,17,27,cloudy,30
Podi Menike,Matara–Colombo,353,15,25,rainy,26
Udaya Devi,Galle–Colombo,277,7,26,cloudy,27
Podi Menike,Colombo–Anuradhapura,372,11,26,cloudy,12
Samudra Devi,Colombo–Batticaloa,263,7,22,cloudy,16
Samudra Devi,Colombo–Badulla,131,15,33,cloudy,55
Rajarata Rejini,Colombo–Matara,256,5,27,sunny,30
Rajarata Rejini,Colombo–Batticaloa,395,6,29,sunny,18
Rajarata Rejini,Anuradhapura–Colombo,318,14,34,rainy,53
Udaya Devi,Colombo–Badulla,346,6,27,sunny,10
Yal Devi,Colombo–Jaffna,388,5,30,rainy,46
Udarata Menike,Batticaloa–Colombo,189,19,29,cloudy,49
Udaya Devi,Colombo–Kandy,327,8,32,cloudy,15
Ruhunu Kumari,Colombo–Matara,200,8,22,sunny,34
Intercity Express,Anuradhapura–Colombo,141,10,22,cloudy,38
Rajarata Rejini,Batticaloa–Colombo,164,10,25,sunny,13
Podi Menike,Anuradhapura–Colombo,307,19,29,sunny,50
Samudra Devi,Batticaloa–Colombo,197,17,34,sunny,62
Udarata Menike,Colombo–Matara,297,8,22,rainy,1
Podi Menike,Colombo–Anuradhapura,291,7,29,cloudy,11
Intercity Express,Galle–Colombo,291,4,27,rainy,2
Samudra Devi,Colombo–Anuradhapura,210,8,26,cloudy,44
Ruhunu Kumari,Colombo–Matara,253,9,25,sunny,50
Udaya Devi,Anuradhapura–Colombo,319,16,26,sunny,1
Rajarata Rejini,Colombo–Batticaloa,237,6,25,rainy,32
Ruhunu Kumari,Kandy–Colombo,112,10,29,sunny,4
Ruhunu Kumari,Kandy–Colombo,150,17,24,rainy,61
Ruhunu Kumari,Batticaloa–Colombo,227,15,34,cloudy,50
Udarata Menike,Galle–Colombo,396,16,26,cloudy,26
Yal Devi,Colombo–Badulla,363,4,27,cloudy,26
Samudra Devi,Colombo–Kandy,211,9,27,sunny,14
Samudra Devi,Colombo–Jaffna,176,17,28,sunny,37
Intercity Express,Colombo–Anuradhapura,400,11,22,cloudy,24
Intercity Express,Colombo–Matara,303,11,33,rainy,2
Samudra Devi,Kandy–Colombo,369,4,25,rainy,13
Rajarata Rejini,Colombo–Batticaloa,268,6,32,cloudy,58
Ruhunu Kumari,Colombo–Kandy,286,14,25,rainy,68
Samudra Devi,Colombo–Batticaloa,244,9,34,sunny,20
Rajarata Rejini,Colombo–Badulla,260,7,26,rainy,57
Intercity Express,Matara–Colombo,288,5,24,sunny,54
Udarata Menike,Colombo–Batticaloa,142,14,33,cloudy,14
Podi Menike,Galle–Colombo,161,17,29,rainy,20
Yal Devi,Kandy–Colombo,173,7,26,rainy,10
Samudra Devi,Colombo–Anuradhapura,273,5,31,sunny,37
Rajarata Rejini,Kandy–Colombo,388,12,27,cloudy,12
Udaya Devi,Colombo–Matara,320,14,24,cloudy,57
Ruhunu Kumari,Colombo–Jaffna,217,9,30,cloudy,49
Rajarata Rejini,Colombo–Kandy,159,18,32,rainy,17
Udaya Devi,Galle–Colombo,114,16,31,cloudy,35
Udarata Menike,Jaffna–Colombo,302,14,26,cloudy,44
